name,v,amplitude,ra,dec,epoch,period,ocrange,phase,comments
V442Her03_240717,12.5,1.300,18.21619444,42.0625,2435730.55000,0.44208,,,RRab  12.5  (V)>***>u  0  
V455Oph20_240717,11.6,0.900,18.25513889,12.3525,2443356.72700,0.45391,,,RRab  11.6  V>***>u  H89450L  BLE:  /  SCP:+?  /  Sp:A7  /  LOB:0  /  SAC69(805)
HWLyr03_240717,13.7,1.200,18.26919444,40.71222222,2451296.74000,0.56746,,,RRAB  13.7  (V)>>>>u  0  0 / 0 / 0 / 0 / 0 / 0
KXLyr05_240717,10.38,1.090,18.55422222,40.17305556,2429752.40800,0.44090,,,RRab  10.38  V>>>u  0  
DTDra02_240717,13.3,1.400,18.83258333,50.58722222,2451328.74000,0.52666,,,RRAB  13.3  (V)>???>u  0  0 / 0 / 0 / = / = NSV 11423 / N67532
AAAql01_240717,11,1.340,20.63752778,-2.890277778,2447055.33070,0.36179,,,RRAB  11  0  0  
CQLac01_240717,11.5,1.500,22.35288889,39.72027778,2435036.38600,0.62004,,,RRab  11.5  0  0  
0,0,0.000,0,0,2400000.00000,0.00000,,,0
0,0,0.000,0,0,2400000.00000,0.00000,,,0
